"09290: Svevestøv, organiske miljøgifter fra norsk økonomisk aktivitet, etter statistikkvariabel, næring, komponent og år",Unnamed: 1,Unnamed: 2,Unnamed: 3,Unnamed: 4,Unnamed: 5,Unnamed: 6,Unnamed: 7,Unnamed: 8,Unnamed: 9,Unnamed: 10,Unnamed: 11,Unnamed: 12,Unnamed: 13,Unnamed: 14,Unnamed: 15,Unnamed: 16,Unnamed: 17,Unnamed: 18,Unnamed: 19,Unnamed: 20,Unnamed: 21,Unnamed: 22,Unnamed: 23,Unnamed: 24,Unnamed: 25,Unnamed: 26
,,,,,,,,,,,,,,,,,,,,,,,,,,
,,,2000,2001,2002,2003,2004,2005,2006,2007,2008,2009,2010,2011,2012,2013,2014,2015,2016,2017,2018,2019,2020,2021,2022,2023
"Utslipp til luft (dioksin i mg, PAH i kg og svevestøv i tonn)",Alle næringer og husholdninger,Svevestøv - TSP,112672,115234,111839,104505,105424,106044,113390,112788,104721,97673,102291,107986,108182,102694,97609,109440,92911,97360,101998,101246,97268,94770,101346,97746
,,Svevestøv - PM10,82858,85808,82470,75448,76199,75419,82389,79086,71358,65520,70381,74698,74732,69308,64359,75987,60771,64758,69205,68546,66363,64032,69839,67675
,,"Svevestøv - PM2,5",61642,64453,61442,55100,56124,54870,61225,56905,49786,45137,49521,53047,53124,48245,43730,54594,41483,45256,49028,48520,47359,45305,50504,49070
,,PAH-4,15357,16474,18127,14117,16047,17765,13369,11016,11924,7673,7255,7718,6869,7250,6880,7100,6105,6281,6949,7034,5275,5024,5045,4156
,,Dioksin,52115,55083,50440,44376,48764,39378,49015,43636,34068,31691,36795,40644,39494,39203,34119,41321,33914,36283,40440,40058,40120,39085,40668,40087
,Husholdninger,Svevestøv - TSP,47210,47555,50233,48365,44823,45813,45368,45600,44917,44229,46866,43733,43720,38660,36123,36867,33736,33713,34156,31775,32092,32741,33900,32783
,,Svevestøv - PM10,35413,35797,38400,36710,33334,33957,33344,33005,32392,32012,34436,31174,31396,26538,24118,24725,22812,23000,22938,20896,21762,22251,23430,22263
,,"Svevestøv - PM2,5",26364,26807,29217,27829,24883,25350,24776,24178,23706,23556,25616,22472,22925,18503,16290,16772,15952,16330,15923,14239,15390,15802,16910,15808
,,PAH-4,3568,3528,3736,3403,2886,3067,3183,3071,2987,2907,3181,2805,2819,2393,2225,2210,2193,2172,2125,1917,2040,1980,2130,1992
,,Dioksin,13404,13616,14460,13704,11867,12263,12140,11541,11317,11136,13076,10764,11219,9319,8091,7841,8805,9155,9201,8222,8617,8595,9192,8721
,Alle næringer,Svevestøv - TSP,65462,67679,61606,56140,60601,60231,68022,67189,59804,53444,55424,64253,64462,64034,61487,72573,59175,63647,67843,69471,65176,62029,67446,64963
,,Svevestøv - PM10,47445,50012,44069,38738,42865,41462,49045,46081,38966,33508,35945,43525,43336,42770,40241,51262,37959,41759,46267,47650,44601,41781,46409,45412
,,"Svevestøv - PM2,5",35278,37646,32225,27271,31241,29520,36449,32727,26080,21581,23906,30575,30199,29743,27440,37822,25531,28927,33105,34281,31969,29504,33594,33263
,,PAH-4,11789,12946,14391,10715,13161,14698,10185,7944,8937,4765,4074,4913,4049,4857,4656,4890,3912,4110,4824,5117,3235,3044,2914,2164
,,Dioksin,38711,41467,35980,30673,36898,27116,36875,32095,22751,20555,23719,29880,28274,29884,26028,33480,25109,27128,31240,31836,31503,30490,31476,31367
,"Jordbruk, jakt og viltstell",Svevestøv - TSP,4251,4064,3829,3766,3869,3758,3654,3659,3747,3673,3667,3540,3553,3576,3682,3640,3656,3616,3457,3573,3548,3569,3620,3459
,,Svevestøv - PM10,2722,2554,2311,2223,2292,2199,2092,2064,2090,1964,1948,1847,1846,1830,1886,1871,1875,1847,1707,1809,1805,1792,1836,1710
,,"Svevestøv - PM2,5",1541,1388,1157,1070,1116,1037,941,901,903,780,772,693,690,658,698,711,706,692,582,674,671,639,666,554
,,PAH-4,391,312,235,200,223,189,160,152,159,112,115,89,94,84,105,114,112,111,67,111,112,97,113,70
,,Dioksin,95,80,65,59,65,58,54,52,51,36,37,30,31,29,34,35,35,35,25,35,35,32,34,26
,Skogbruk,Svevestøv - TSP,32,32,31,28,24,24,27,30,27,25,42,38,44,38,26,23,22,21,20,17,17,23,19,15
,,Svevestøv - PM10,32,32,31,27,24,23,27,30,27,25,42,38,44,38,26,23,22,21,20,17,17,23,19,15
,,"Svevestøv - PM2,5",30,30,29,26,23,22,26,28,26,24,40,36,42,36,24,22,21,20,19,16,16,22,18,14
,,PAH-4,1,1,1,1,1,1,1,1,1,1,2,2,2,2,1,1,1,1,1,1,1,2,1,1
,,Dioksin,1,1,1,1,1,1,1,1,1,1,2,2,2,2,2,1,1,1,1,1,1,2,2,1
,Fiske og fangst,Svevestøv - TSP,656,686,672,552,537,506,521,517,500,568,480,423,417,354,363,342,346,366,391,377,405,399,415,424
,,Svevestøv - PM10,656,686,672,552,535,506,521,516,499,568,480,423,417,354,363,342,346,366,391,377,405,399,415,424
,,"Svevestøv - PM2,5",623,652,638,524,508,481,495,491,474,540,456,402,396,336,345,325,329,347,372,358,384,379,394,403
,,PAH-4,30,30,30,23,22,20,20,20,20,21,17,16,17,15,17,18,19,22,24,23,25,25,26,27
,,Dioksin,1308,1332,1321,1054,1003,919,940,923,900,992,822,739,761,684,748,769,810,906,986,954,1025,1011,1050,1073
,Akvakultur,Svevestøv - TSP,2,2,2,2,2,2,2,2,2,2,3,3,3,2,1,1,2,2,2,2,19,32,4,50
,,Svevestøv - PM10,2,2,2,2,2,2,2,2,2,2,3,3,3,2,1,1,2,2,2,2,19,32,4,50
,,"Svevestøv - PM2,5",2,2,2,2,2,2,2,2,2,2,3,3,3,2,1,1,1,2,2,2,18,30,4,47
,,PAH-4,0,0,0,0,0,0,0,0,0,0,0,0,0,0,0,0,0,0,0,0,1,2,0,5
,,Dioksin,3,3,3,3,3,3,4,4,4,5,6,5,5,4,2,2,3,4,4,5,47,81,10,123
,Bergverksdrift,Svevestøv - TSP,5682,5528,5409,5617,5682,5628,6276,7440,7459,6892,7088,8240,8580,8537,8338,8584,8842,9306,9650,10116,9458,9337,9016,8358
,,Svevestøv - PM10,2803,2722,2663,2764,2796,2770,3088,3661,3672,3392,3491,4057,4222,4200,4097,4222,4344,4568,4742,4969,4648,4581,4424,4100
,,"Svevestøv - PM2,5",316,300,294,306,309,302,336,400,400,365,379,438,452,452,432,445,452,469,489,510,477,466,450,416
,,PAH-4,8,4,4,5,5,6,7,9,7,5,8,8,7,9,8,8,9,7,8,7,7,8,8,7
,,Dioksin,10,10,10,10,10,15,14,18,22,16,10,116,15,25,15,41,11,10,8,11,10,8,8,8
,"Utvinning av råolje og naturgass, inkl. tjenester og rørtransport",Svevestøv - TSP,2178,2534,1913,1786,1705,1769,1946,2404,2344,1989,2817,2435,2499,2417,2607,2167,2114,1993,1939,1983,1966,1828,1858,1603
,,Svevestøv - PM10,2130,2416,1863,1753,1687,1749,1909,2382,2311,1958,2721,2397,2449,2389,2563,2156,2103,1985,1929,1973,1958,1820,1844,1593
,,"Svevestøv - PM2,5",1992,2132,1729,1659,1627,1679,1800,2304,2213,1863,2472,2265,2297,2279,2414,2089,2041,1929,1871,1911,1895,1761,1780,1542
,,PAH-4,33,33,27,30,28,25,30,29,27,28,81,60,53,50,51,48,43,41,38,42,44,41,42,33
,,Dioksin,2580,2568,2219,2245,2193,2253,2495,2537,2492,2599,3539,3633,3784,3820,3990,3409,3243,3035,3077,3280,3345,3144,3311,2671
,"Nærings-, drikkevare- og tobakksindustri",Svevestøv - TSP,99,105,106,107,91,72,69,60,64,50,126,113,73,73,59,48,51,55,50,57,73,49,43,43
,,Svevestøv - PM10,83,89,90,88,78,61,57,50,55,43,113,102,65,65,53,42,46,50,46,53,69,45,38,38
,,"Svevestøv - PM2,5",60,67,68,64,59,49,44,39,43,35,103,94,59,60,47,37,41,45,42,49,64,40,33,32
,,PAH-4,5,9,10,9,9,9,8,7,8,6,7,7,7,4,4,5,5,4,4,4,5,5,4,4
,,Dioksin,23,18,19,23,20,19,20,20,18,24,51,48,37,34,26,24,50,48,46,44,84,54,32,35
,"Tekstil-, beklednings- og lærvareindustri",Svevestøv - TSP,4,4,4,4,3,3,3,3,1,1,1,1,0,1,1,1,1,0,0,0,0,0,0,0
,,Svevestøv - PM10,3,3,3,3,3,3,3,2,1,0,0,1,0,0,1,0,0,0,0,0,0,0,0,0
,,"Svevestøv - PM2,5",2,2,2,2,2,2,2,1,1,0,0,0,0,0,0,0,0,0,0,0,0,0,0,0
,,PAH-4,0,0,0,0,0,0,0,0,0,0,0,0,0,0,0,0,0,0,0,0,0,0,0,0
,,Dioksin,1,1,1,1,1,1,1,1,0,0,0,0,0,0,0,0,0,0,0,0,0,0,0,0
,"Trelast- og trevareindustri, unntatt møbler",Svevestøv - TSP,721,694,643,677,748,720,729,812,660,518,577,639,644,637,654,680,630,615,666,701,732,803,750,839
,,Svevestøv - PM10,443,426,389,393,431,394,399,478,380,291,310,364,384,398,396,418,380,361,399,458,453,497,473,599
,,"Svevestøv - PM2,5",442,423,386,389,427,390,395,476,378,289,309,363,384,398,396,418,380,361,399,457,453,497,473,599
,,PAH-4,4,5,4,4,4,4,4,5,4,3,4,4,4,4,4,4,4,4,4,5,5,5,5,5
,,Dioksin,184,178,181,169,184,169,162,193,158,139,162,182,180,179,170,193,175,169,185,203,206,211,216,271
,Produksjon av papir og papirvarer,Svevestøv - TSP,671,809,542,431,530,444,418,410,411,287,402,372,221,205,70,62,59,65,83,86,48,67,57,63
,,Svevestøv - PM10,557,687,459,373,461,375,358,356,353,248,353,325,188,172,60,52,50,55,73,73,40,54,48,53
,,"Svevestøv - PM2,5",462,586,393,315,394,301,294,299,294,205,301,276,155,140,50,42,41,45,62,63,33,43,38,43
,,PAH-4,23,25,26,32,31,31,35,31,34,29,37,34,25,21,11,11,10,11,10,4,4,5,4,3
,,Dioksin,4282,3129,1137,1192,1114,1139,1198,1188,1274,974,1280,1294,857,697,200,202,183,253,254,239,237,271,218,183
,Trykking og reproduksjon av innspilte opptak,Svevestøv - TSP,1,2,1,1,1,2,2,2,1,1,1,1,0,0,0,0,0,0,0,0,0,0,0,0
,,Svevestøv - PM10,1,1,1,1,1,1,2,1,1,0,1,1,0,0,0,0,0,0,0,0,0,0,0,0
,,"Svevestøv - PM2,5",1,1,1,1,1,1,2,1,1,0,1,1,0,0,0,0,0,0,0,0,0,0,0,0
,,PAH-4,0,0,0,0,0,0,0,0,0,0,0,0,0,0,0,0,0,0,0,0,0,0,0,0
,,Dioksin,0,0,0,0,0,0,0,0,0,0,0,0,0,0,0,0,0,0,0,0,0,0,0,0
,"Oljeraffinering, kjemisk og farmasøytisk industri",Svevestøv - TSP,2734,2817,2734,2369,3174,3902,3003,2544,2510,1927,2143,2551,2211,2298,2059,2170,2056,1818,1674,1689,1781,1648,1571,1362
,,Svevestøv - PM10,2621,2708,2606,2233,3054,3770,2883,2436,2399,1838,2041,2448,2114,2180,1921,2025,1953,1744,1582,1576,1680,1563,1492,1287
,,"Svevestøv - PM2,5",2508,2602,2479,2100,2935,3638,2762,2324,2286,1746,1938,2347,2027,2089,1816,1914,1869,1681,1508,1487,1597,1488,1428,1217
,,PAH-4,364,371,325,218,242,169,116,99,133,103,111,101,115,91,159,301,99,129,139,125,63,104,26,22
,,Dioksin,498,475,397,446,492,560,543,558,544,356,579,557,256,342,437,523,315,284,321,296,553,466,257,186
,Produksjon av gummi- og plastprodukter,Svevestøv - TSP,4,4,3,5,3,11,9,9,3,3,5,6,4,7,11,14,13,3,3,4,4,5,2,2
,,Svevestøv - PM10,3,3,2,4,2,7,6,5,2,2,4,5,3,6,10,13,12,2,3,4,4,5,2,2
,,"Svevestøv - PM2,5",2,2,1,2,1,4,4,3,2,2,4,4,3,5,10,13,12,2,3,3,4,5,2,2
,,PAH-4,0,0,0,0,0,2,2,1,1,1,1,1,1,0,1,1,1,0,0,0,0,1,0,0
,,Dioksin,1,2,1,1,1,9,6,6,1,1,2,2,1,2,4,5,5,1,1,1,2,2,1,1
,Produksjon av andre ikke-metallholdige mineralprodukter,Svevestøv - TSP,397,429,414,346,307,354,391,298,266,242,248,242,224,219,241,219,223,282,265,247,208,221,267,196
,,Svevestøv - PM10,356,386,373,309,276,322,367,277,234,204,200,197,182,177,201,176,181,241,223,207,176,189,221,162
,,"Svevestøv - PM2,5",244,266,256,203,193,207,244,197,158,133,137,133,126,121,127,122,132,163,155,151,126,142,161,120
,,PAH-4,836,785,771,341,279,323,269,211,176,124,138,142,138,152,157,141,67,68,80,85,85,174,101,100
,,Dioksin,246,244,356,307,141,139,143,153,248,366,1143,327,678,538,671,234,379,594,1346,468,338,556,642,1110
,Produksjon av metaller,Svevestøv - TSP,6445,5461,4984,3924,4284,3613,2718,3496,2770,1762,1812,2222,2211,2489,2400,2178,1855,1882,1926,1828,1746,1734,1627,1402
,,Svevestøv - PM10,5985,4936,4428,3491,3861,3160,2334,3065,2463,1557,1623,2033,2017,2268,2165,1952,1671,1697,1739,1639,1567,1570,1477,1274
,,"Svevestøv - PM2,5",5462,4352,3911,3102,3458,2732,1977,2661,2176,1368,1454,1859,1840,2068,1950,1745,1502,1526,1566,1461,1400,1413,1334,1153
,,PAH-4,9284,10494,12136,9054,11462,13060,8524,6396,7502,3497,2717,3502,2623,3441,3134,3204,2530,2675,3385,3634,1921,1599,1555,895
,,Dioksin,6902,7275,8434,7445,11337,3544,4155,4521,2744,2595,2865,2936,2235,4561,2404,3262,4340,2734,2695,3309,2504,2817,2776,2192
,"Produksjon av metallvarer, unntatt maskiner og utstyr",Svevestøv - TSP,7,7,7,6,6,8,7,7,4,3,4,3,4,4,2,2,2,2,2,2,2,2,1,22
,,Svevestøv - PM10,5,6,6,4,5,7,6,6,3,2,3,2,3,3,2,2,2,2,1,2,2,2,1,21
,,"Svevestøv - PM2,5",4,4,5,3,4,6,5,5,3,2,2,2,3,3,1,2,2,2,1,2,2,1,1,21
,,PAH-4,1,1,1,1,1,2,2,2,1,1,1,1,1,1,1,1,1,2,1,2,2,1,2,2
,,Dioksin,2,2,2,1,2,2,2,2,1,1,1,1,1,1,1,1,1,1,1,1,1,1,1,9
,Produksjon av datamaskiner og elektroniske produkter,Svevestøv - TSP,0,0,0,0,0,0,0,0,0,0,0,0,0,0,0,0,0,0,0,0,0,0,0,0
,,Svevestøv - PM10,0,0,0,0,0,0,0,0,0,0,0,0,0,0,0,0,0,0,0,0,0,0,0,0
,,"Svevestøv - PM2,5",0,0,0,0,0,0,0,0,0,0,0,0,0,0,0,0,0,0,0,0,0,0,0,0
,,PAH-4,0,0,0,0,0,0,0,0,0,0,0,0,0,0,0,0,0,0,0,0,0,0,0,0
,,Dioksin,0,0,0,0,0,0,0,0,0,0,0,0,0,0,0,0,0,0,0,0,0,0,0,0
,Produksjon av elektrisk utstyr,Svevestøv - TSP,5,12,6,12,4,6,6,3,5,2,2,4,4,2,3,2,2,2,2,1,0,1,0,0
,,Svevestøv - PM10,3,5,3,4,2,4,3,2,2,1,1,1,2,1,1,1,1,1,1,1,0,0,0,0
,,"Svevestøv - PM2,5",1,2,2,1,1,3,1,2,1,0,0,1,1,1,0,0,0,0,0,0,0,0,0,0
,,PAH-4,0,0,0,0,0,0,0,0,0,0,0,0,0,0,0,0,0,0,0,0,0,0,0,0
,,Dioksin,1,1,1,1,1,1,1,1,0,0,0,0,0,0,0,0,0,0,0,0,0,0,0,0
,Produksjon av maskiner og utstyr ellers,Svevestøv - TSP,5,5,7,5,5,7,7,7,3,3,3,3,3,3,3,3,2,3,2,2,2,1,1,1
,,Svevestøv - PM10,4,4,5,4,4,5,5,5,3,2,2,2,2,3,2,2,2,2,2,2,1,1,1,1
,,"Svevestøv - PM2,5",3,3,4,3,3,4,4,4,2,2,1,2,2,2,2,1,2,2,1,2,1,1,1,1
,,PAH-4,0,1,1,1,1,1,1,1,1,0,0,0,1,1,0,0,1,1,1,1,1,0,0,0
,,Dioksin,1,1,1,1,1,3,4,3,1,1,1,1,1,1,1,1,1,3,1,1,1,0,0,0
,Produksjon av motorvogner og tilhengere,Svevestøv - TSP,4,7,7,10,14,6,5,7,6,3,5,4,4,4,4,4,3,5,5,4,4,4,4,4
,,Svevestøv - PM10,2,5,4,6,9,4,3,4,4,2,4,4,4,4,4,3,3,4,4,3,3,3,3,3
,,"Svevestøv - PM2,5",1,2,2,2,4,2,1,2,2,1,2,2,2,2,2,1,1,2,2,1,1,2,1,1
,,PAH-4,0,0,0,0,0,0,0,0,0,0,0,0,0,0,0,0,0,0,0,0,0,0,1,0
,,Dioksin,0,1,1,0,0,0,0,1,0,0,1,0,0,0,0,0,0,0,0,0,0,0,0,0
,Produksjon av andre transportmidler,Svevestøv - TSP,16,22,20,13,10,11,13,16,13,11,9,12,13,12,8,7,5,6,6,8,5,10,7,6
,,Svevestøv - PM10,5,7,7,8,4,6,7,9,6,4,3,6,6,6,5,4,2,3,3,5,3,7,4,3
,,"Svevestøv - PM2,5",4,7,6,7,3,5,7,9,5,4,2,6,6,6,4,3,2,3,3,5,2,6,4,3
,,PAH-4,0,1,1,1,1,1,1,1,1,1,1,1,1,1,1,1,0,1,1,1,1,1,1,1
,,Dioksin,6,11,11,11,3,6,9,16,9,6,1,11,11,12,9,7,4,5,7,11,5,15,9,5
,Produksjon av møbler og annen industriproduksjon,Svevestøv - TSP,30,30,24,34,32,40,56,21,15,14,13,13,18,20,14,11,6,7,8,7,7,8,5,6
,,Svevestøv - PM10,28,28,22,31,30,37,52,19,14,13,11,12,16,19,13,11,5,6,8,6,6,7,4,5
,,"Svevestøv - PM2,5",27,27,21,31,29,37,52,19,13,13,11,12,16,18,13,11,5,6,8,6,6,7,4,5
,,PAH-4,0,1,1,1,0,1,1,1,0,0,0,0,0,0,0,0,0,0,0,0,0,0,0,0
,,Dioksin,11,11,8,12,12,15,21,7,5,5,5,5,6,7,5,4,2,3,3,3,3,3,2,2
,Reparasjon og installasjon av maskiner og utstyr,Svevestøv - TSP,3,15,15,19,18,29,29,29,6,10,7,7,6,6,6,6,10,5,5,6,6,5,5,5
,,Svevestøv - PM10,2,3,3,2,2,3,3,3,2,3,3,3,2,1,2,2,6,1,1,2,2,1,2,1
,,"Svevestøv - PM2,5",2,3,2,2,2,3,3,2,1,3,3,2,2,1,2,2,5,1,1,2,2,1,1,1
,,PAH-4,0,1,1,1,1,1,1,1,1,1,1,1,1,1,1,1,2,1,1,2,2,2,2,2
,,Dioksin,1,1,1,1,1,1,1,1,1,1,1,1,1,1,1,1,11,1,1,1,2,1,1,1
,"Elektrisitets-, gass- og varmtvannsforsyning",Svevestøv - TSP,395,339,323,335,350,374,393,374,430,628,1106,830,919,1013,1088,1323,1468,1501,1569,1690,1533,1919,1913,2079
,,Svevestøv - PM10,288,230,215,231,248,276,297,277,342,526,959,707,797,883,952,1173,1307,1336,1398,1513,1367,1733,1723,1889
,,"Svevestøv - PM2,5",176,113,99,122,141,177,203,177,259,435,851,606,705,788,857,1077,1210,1234,1293,1409,1266,1639,1624,1804
,,PAH-4,13,13,9,10,10,11,10,14,14,13,15,14,13,14,12,10,11,11,12,12,11,14,14,14
,,Dioksin,2200,2846,2124,1139,1032,693,653,644,618,656,832,1102,695,686,641,723,762,828,849,868,792,937,935,1008
,"Uttak fra kilde, rensing og distribusjon av vann",Svevestøv - TSP,0,0,0,0,0,0,0,0,0,0,0,0,0,0,0,0,0,0,0,0,0,0,0,0
,,Svevestøv - PM10,0,0,0,0,0,0,0,0,0,0,0,0,0,0,0,0,0,0,0,0,0,0,0,0
,,"Svevestøv - PM2,5",0,0,0,0,0,0,0,0,0,0,0,0,0,0,0,0,0,0,0,0,0,0,0,0
,,PAH-4,0,0,0,0,0,0,0,0,0,0,0,0,0,0,0,0,0,0,0,0,0,0,0,0
,,Dioksin,0,0,0,0,0,0,0,0,0,0,0,0,0,0,0,0,0,0,0,0,0,0,0,0
,Avløps- og renovasjonsvirksomhet,Svevestøv - TSP,25,48,53,97,73,92,110,107,118,106,59,67,60,59,80,97,118,114,126,124,128,100,66,78
,,Svevestøv - PM10,23,45,49,92,69,85,101,98,108,97,59,68,61,60,78,92,110,106,115,114,117,91,62,75
,,"Svevestøv - PM2,5",14,21,25,66,58,70,79,78,84,76,55,62,53,53,62,71,82,79,83,81,83,66,47,60
,,PAH-4,15,18,5,18,17,20,23,24,26,25,20,22,26,25,31,34,39,39,40,40,40,38,35,32
,,Dioksin,20,31,509,298,62,57,64,55,100,76,126,77,190,209,349,232,299,598,387,124,2061,2685,115,186
,Bygge- og anleggsvirksomhet,Svevestøv - TSP,10499,10107,10242,10012,10333,11523,11454,13260,13193,12640,11648,12398,13164,13253,13081,13153,13876,14663,13599,13692,12912,12458,14008,12563
,,Svevestøv - PM10,3016,2937,2990,2873,2885,3171,3156,3610,3588,3272,3016,3131,3420,3372,3201,3292,3445,3595,3297,3291,3138,2981,3515,3137
,,"Svevestøv - PM2,5",748,724,721,682,641,663,672,718,690,605,527,533,571,551,497,491,480,483,435,411,379,354,401,357
,,PAH-4,117,125,128,125,127,130,142,153,154,147,142,156,176,183,186,199,210,224,217,223,210,221,224,204
,,Dioksin,61,60,69,112,58,66,76,76,79,63,56,57,67,71,74,75,76,82,89,81,69,73,73,70
,Varehandel og reparasjon av motorvogner,Svevestøv - TSP,3543,3475,3431,3362,3321,3379,3414,3564,3502,3379,3435,3516,3355,3364,3287,3294,2783,2649,2838,2772,2595,2601,2532,2589
,,Svevestøv - PM10,1926,1877,1850,1806,1782,1809,1833,1915,1873,1803,1830,1863,1775,1785,1713,1706,1445,1368,1461,1443,1356,1355,1305,1347
,,"Svevestøv - PM2,5",576,544,531,509,498,499,513,539,513,487,489,482,454,463,398,381,329,299,312,332,319,312,281,308
,,PAH-4,94,99,100,97,98,98,100,105,105,101,109,111,114,114,107,113,118,113,110,112,101,100,94,86
,,Dioksin,98,95,93,99,97,95,107,107,110,117,142,139,122,172,71,81,74,53,74,169,205,185,143,219
,Overnattings- og serveringsvirksomhet,Svevestøv - TSP,12,12,12,11,11,10,10,11,10,9,9,8,7,6,5,5,5,4,4,3,2,2,2,2
,,Svevestøv - PM10,12,12,12,11,11,10,10,11,10,9,9,8,7,6,5,5,5,4,4,3,2,2,2,2
,,"Svevestøv - PM2,5",12,12,12,11,10,10,10,11,10,9,8,8,7,6,5,5,5,4,4,3,2,2,2,2
,,PAH-4,4,4,4,4,4,4,4,4,4,4,5,5,5,5,5,5,6,5,5,5,4,4,4,3
,,Dioksin,2,2,2,2,2,2,2,2,2,2,2,2,2,2,2,2,2,2,2,2,1,1,1,1
,Post og telekommunikasjon,Svevestøv - TSP,411,407,404,395,390,397,401,420,416,404,413,423,406,406,404,408,346,331,355,342,319,322,316,320
,,Svevestøv - PM10,212,210,208,203,200,204,206,216,213,207,211,215,207,207,205,207,175,168,180,173,161,163,159,161
,,"Svevestøv - PM2,5",46,46,45,43,43,43,44,46,44,42,43,42,41,40,39,38,33,32,33,32,29,29,28,28
,,PAH-4,5,5,5,5,5,5,5,6,6,6,7,6,7,7,7,7,8,8,8,8,7,8,8,7
,,Dioksin,1,1,1,1,1,1,1,1,1,1,1,1,1,1,2,1,2,2,2,2,2,2,2,2
,Forlagsvirksomhet,Svevestøv - TSP,0,0,0,2,2,2,2,2,2,2,2,1,1,1,1,1,1,1,0,0,0,0,0,0
,,Svevestøv - PM10,0,0,0,2,2,2,2,2,2,2,2,1,1,1,1,1,1,1,0,0,0,0,0,0
,,"Svevestøv - PM2,5",0,0,0,2,2,2,2,2,2,2,2,1,1,1,1,1,1,1,0,0,0,0,0,0
,,PAH-4,0,0,0,1,1,1,1,1,1,1,1,1,1,1,1,1,1,1,1,1,1,0,0,0
,,Dioksin,0,0,0,0,0,0,0,0,0,0,0,0,0,0,0,0,0,0,0,0,0,0,0,0
,"Kringkasting og film-, video- og musikkproduksjon",Svevestøv - TSP,2,2,2,2,2,1,2,2,1,1,1,1,1,1,1,0,0,0,0,0,0,0,0,0
,,Svevestøv - PM10,2,2,2,2,1,1,2,2,1,1,1,1,1,1,1,0,0,0,0,0,0,0,0,0
,,"Svevestøv - PM2,5",2,2,2,1,1,1,1,2,1,1,1,1,1,1,1,0,0,0,0,0,0,0,0,0
,,PAH-4,0,0,1,0,1,1,1,1,1,1,1,1,1,1,1,0,1,0,0,0,0,0,0,0
,,Dioksin,0,0,0,0,0,0,0,0,0,0,0,0,0,0,0,0,0,0,0,0,0,0,0,0
,Informasjons- og teknologitjenester,Svevestøv - TSP,6,6,6,5,5,5,5,5,5,4,4,4,3,3,2,2,2,1,1,1,1,1,0,0
,,Svevestøv - PM10,6,6,6,5,5,5,5,5,5,4,4,4,3,3,2,2,2,1,1,1,1,1,0,0
,,"Svevestøv - PM2,5",6,6,6,5,5,5,5,5,5,4,4,4,3,3,2,2,2,1,1,1,1,1,0,0
,,PAH-4,2,2,2,2,2,2,2,2,2,2,3,2,3,3,2,2,2,2,2,2,1,2,1,1
,,Dioksin,0,0,0,0,0,0,1,1,1,1,1,1,1,1,1,1,1,0,0,0,0,0,0,0
,Finansierings- og forsikringsvirksomhet,Svevestøv - TSP,0,0,0,0,0,0,0,0,0,0,1,0,0,0,0,0,0,0,0,0,0,0,0,0
,,Svevestøv - PM10,0,0,0,0,0,0,0,0,0,0,1,0,0,0,0,0,0,0,0,0,0,0,0,0
,,"Svevestøv - PM2,5",0,0,0,0,0,0,0,0,0,0,1,0,0,0,0,0,0,0,0,0,0,0,0,0
,,PAH-4,0,0,0,0,0,0,0,0,0,0,0,0,0,0,0,0,0,0,0,0,0,0,0,0
,,Dioksin,1,1,1,1,1,1,1,1,1,1,3,0,0,0,0,0,0,0,0,0,0,0,0,0
,Omsetning og drift av fast eiendom,Svevestøv - TSP,22,22,22,21,21,20,20,19,19,18,23,18,14,15,10,9,8,7,8,5,6,5,3,4
,,Svevestøv - PM10,21,21,21,19,19,19,19,19,18,17,20,16,13,14,9,8,8,6,7,5,6,5,3,4
,,"Svevestøv - PM2,5",21,21,20,19,18,18,19,19,18,16,19,15,13,14,9,8,8,6,7,5,6,5,3,4
,,PAH-4,7,7,7,7,7,7,7,8,8,7,8,8,8,10,7,8,8,7,8,7,6,7,6,5
,,Dioksin,4,5,5,5,5,5,4,4,4,5,7,5,5,5,4,3,3,3,4,2,8,6,2,3
,Tjenesteytende næringer ellers,Svevestøv - TSP,90,88,86,81,79,80,86,84,83,76,71,94,78,108,90,55,54,52,80,39,19,23,15,42
,,Svevestøv - PM10,90,87,84,79,77,79,85,84,83,75,69,93,77,107,89,55,53,51,80,39,19,23,15,42
,,"Svevestøv - PM2,5",89,86,83,78,76,78,84,83,82,74,67,90,75,104,86,54,52,50,77,38,18,22,15,40
,,PAH-4,21,23,24,23,24,24,27,28,29,28,29,35,35,35,34,36,39,45,45,37,33,37,37,36
,,Dioksin,29,28,28,31,31,32,39,37,41,44,42,69,52,88,73,58,37,44,131,59,15,29,12,83
,Rørtransport,Svevestøv - TSP,.,.,.,.,.,.,.,.,.,.,.,.,.,.,.,.,.,.,.,.,.,.,.,.
,,Svevestøv - PM10,.,.,.,.,.,.,.,.,.,.,.,.,.,.,.,.,.,.,.,.,.,.,.,.
,,"Svevestøv - PM2,5",.,.,.,.,.,.,.,.,.,.,.,.,.,.,.,.,.,.,.,.,.,.,.,.
,,PAH-4,.,.,.,.,.,.,.,.,.,.,.,.,.,.,.,.,.,.,.,.,.,.,.,.
,,Dioksin,.,.,.,.,.,.,.,.,.,.,.,.,.,.,.,.,.,.,.,.,.,.,.,.
,Utenriks sjøfart,Svevestøv - TSP,17973,21541,17437,13879,16799,15064,23802,19044,12961,10514,11840,18459,18505,17716,15891,27324,14880,18696,23228,24296,22547,19977,24331,24331
,,Svevestøv - PM10,17973,21541,17437,13878,16799,15064,23802,19044,12961,10514,11840,18459,18505,17716,15891,27324,14880,18696,23228,24296,22547,19977,24331,24331
,,"Svevestøv - PM2,5",17074,20464,16565,13184,15959,14311,22612,18092,12313,9988,11248,17536,17579,16830,15097,25957,14136,17762,22066,23081,21420,18978,23114,23115
,,PAH-4,220,241,196,164,203,185,296,226,103,93,93,173,164,159,148,167,116,137,153,160,149,132,161,161
,,Dioksin,17835,20697,16788,13590,16614,14987,23781,18653,11124,9329,10149,16677,16425,15800,14330,21927,12715,15718,19000,19874,18444,16342,19902,19902
,"Landtransport, unntatt rørtransport",Svevestøv - TSP,7061,6868,6710,6659,6631,6811,6809,6949,6715,6237,6079,6203,5844,5726,5684,5620,4675,4421,4707,4566,4240,4156,4121,4132
,,Svevestøv - PM10,3969,3856,3766,3718,3694,3784,3792,3865,3720,3437,3304,3344,3141,3056,3026,2970,2472,2323,2458,2375,2194,2142,2119,2120
,,"Svevestøv - PM2,5",1391,1347,1313,1268,1246,1262,1277,1296,1224,1104,991,962,888,831,812,761,637,576,585,548,490,464,451,443
,,PAH-4,232,251,256,256,268,273,296,317,322,315,312,323,324,321,362,358,360,339,353,352,309,314,321,301
,,Dioksin,57,63,64,65,66,66,71,75,76,75,78,79,79,78,88,89,86,79,82,81,71,73,74,70
,Innenriks sjøfart,Svevestøv - TSP,1188,1169,1221,1254,1220,1286,1300,1231,1185,1049,894,848,891,818,851,672,647,709,726,733,542,499,511,596
,,Svevestøv - PM10,1187,1168,1221,1254,1220,1286,1300,1230,1185,1049,894,847,891,818,850,672,645,707,725,733,542,499,511,596
,,"Svevestøv - PM2,5",1128,1110,1160,1191,1159,1223,1235,1169,1126,997,849,805,847,778,808,639,612,672,689,697,516,475,486,567
,,PAH-4,35,36,35,41,41,49,43,41,37,36,30,28,27,27,26,25,30,33,36,35,44,47,48,56
,,Dioksin,1772,1760,1816,2000,1992,1992,2004,1942,1788,1668,1451,1359,1371,1297,1315,1171,1080,1192,1255,1271,1152,1172,1275,1489
,Lufttransport,Svevestøv - TSP,78,76,64,66,65,69,77,86,94,99,122,138,155,176,189,206,174,188,209,243,70,59,195,192
,,Svevestøv - PM10,78,76,64,65,65,69,76,86,94,99,122,138,155,176,189,206,174,188,209,243,70,59,195,192
,,"Svevestøv - PM2,5",78,76,64,65,65,69,76,86,94,98,122,138,155,176,189,206,174,188,209,243,70,59,195,192
,,PAH-4,16,16,14,14,14,14,16,18,20,20,25,28,31,34,37,38,34,36,39,45,14,11,32,37
,,Dioksin,39,39,37,36,38,35,37,41,45,46,55,63,68,74,81,86,73,77,85,97,31,27,71,81
,Lagring og andre tjenester tilknyttet transport,Svevestøv - TSP,64,64,58,61,60,62,78,66,83,79,75,130,87,211,48,66,69,75,62,78,25,47,45,71
,,Svevestøv - PM10,63,63,57,59,58,61,76,65,82,78,75,129,86,211,48,66,69,75,60,77,25,47,45,71
,,"Svevestøv - PM2,5",60,60,54,56,55,58,73,63,78,74,72,123,82,201,46,63,66,71,57,73,24,45,43,67
,,PAH-4,10,10,10,10,11,11,12,12,13,12,19,12,12,20,16,13,16,18,18,17,17,16,17,21
,,Dioksin,52,49,46,55,55,59,79,70,86,90,89,125,117,225,80,133,142,155,120,140,43,104,98,160
,Undervisning,Svevestøv - TSP,2,2,2,13,17,15,22,33,28,28,37,41,47,45,36,31,31,30,24,35,46,15,13,12
,,Svevestøv - PM10,2,2,2,12,16,14,20,31,26,26,35,39,44,42,34,29,29,29,22,33,43,15,13,11
,,"Svevestøv - PM2,5",2,2,2,12,15,14,20,31,26,26,34,38,44,42,34,29,29,29,22,33,43,15,13,11
,,PAH-4,0,0,0,0,0,0,0,0,0,0,0,1,1,1,1,1,1,0,0,0,0,6,6,6
,,Dioksin,4,4,4,8,9,9,12,16,14,15,18,20,22,20,16,14,16,12,12,14,18,8,7,9
,Helsetjenester,Svevestøv - TSP,3,4,4,7,8,7,8,12,9,12,17,17,16,18,14,12,11,12,9,13,17,6,4,5
,,Svevestøv - PM10,2,3,3,6,7,6,7,11,8,10,14,15,15,17,13,11,11,11,8,12,16,6,4,5
,,"Svevestøv - PM2,5",2,3,3,5,6,6,7,11,8,10,14,15,14,16,13,11,11,11,8,12,16,6,4,5
,,PAH-4,0,0,0,0,0,0,0,0,0,0,0,0,0,0,0,0,0,0,0,0,0,2,1,3
,,Dioksin,178,160,24,25,25,25,4,5,4,5,8,7,7,7,6,5,5,5,4,5,7,3,2,5
,"Pleie- og omsorgstjenester, barnehager og SFO",Svevestøv - TSP,6,6,6,5,5,5,5,5,4,4,4,3,3,3,2,2,1,1,0,0,0,2,1,0
,,Svevestøv - PM10,6,6,6,5,5,5,5,5,4,4,4,3,3,3,2,2,1,1,0,0,0,2,1,0
,,"Svevestøv - PM2,5",6,6,6,5,5,5,5,5,4,4,4,3,3,3,2,2,1,1,0,0,0,1,1,0
,,PAH-4,4,4,4,4,4,4,3,3,3,3,2,2,2,2,2,2,1,1,0,0,0,4,2,1
,,Dioksin,4,4,4,4,3,3,3,3,3,3,4,1,1,1,1,1,0,0,0,0,0,1,0,0
,Offentlig administrasjon og forsvar,Svevestøv - TSP,132,170,148,161,159,113,132,140,128,167,127,182,169,188,167,127,129,139,142,126,141,91,97,87
,,Svevestøv - PM10,123,159,134,141,144,103,120,129,119,155,118,173,161,177,157,123,124,134,137,123,136,89,95,86
,,"Svevestøv - PM2,5",115,149,126,130,135,97,114,123,114,147,113,168,158,165,145,120,121,131,134,119,133,86,92,83
,,PAH-4,12,15,15,13,14,12,13,12,12,14,11,12,12,16,15,10,10,10,9,11,8,10,12,9
,,Dioksin,197,277,197,217,221,133,164,155,178,242,145,202,186,209,173,163,165,189,182,181,183,169,191,178
,,,,,,,,,,,,,,,,,,,,,,,,,,
På grunn av avrunding vil totaler kunne avvike fra summen av undergrupper.,,,,,,,,,,,,,,,,,,,,,,,,,,
Utslipp fra utenriks sjøfart og luftfart er inkludert,,,,,,,,,,,,,,,,,,,,,,,,,,
"Beregningen for svevestøv fra veislitasje gjennomgås, og publisering i november 2024 er foreløpige resultater for hele tidsserien fra 1990. Ferdigstilte veistøvmengder for hele tidsserien er planlagt publisert i november 2025.",,,,,,,,,,,,,,,,,,,,,,,,,,
. = Ikke mulig å oppgi tall. Tall finnes ikke på dette tidspunktet fordi kategorien ikke var i bruk da tallene ble samlet inn.,,,,,,,,,,,,,,,,,,,,,,,,,,
næring:,,,,,,,,,,,,,,,,,,,,,,,,,,
Rørtransport:,,,,,,,,,,,,,,,,,,,,,,,,,,
'N.08.01.00 Rørtransport' er inkludert i 'N.02.02.00 Utvinning av råolje og naturgass',,,,,,,,,,,,,,,,,,,,,,,,,,
,,,,,,,,,,,,,,,,,,,,,,,,,,
,,,,,,,,,,,,,,,,,,,,,,,,,,
Sist endret:,,,,,,,,,,,,,,,,,,,,,,,,,,
"Utslipp til luft (dioksin i mg, PAH i kg og svevestøv i tonn):",,,,,,,,,,,,,,,,,,,,,,,,,,
20241105 08:00,,,,,,,,,,,,,,,,,,,,,,,,,,
,,,,,,,,,,,,,,,,,,,,,,,,,,
Kilde:,,,,,,,,,,,,,,,,,,,,,,,,,,
Statistisk sentralbyrå,,,,,,,,,,,,,,,,,,,,,,,,,,
,,,,,,,,,,,,,,,,,,,,,,,,,,
Kontakt:,,,,,,,,,,,,,,,,,,,,,,,,,,
"Utslipp til luft (dioksin i mg, PAH i kg og svevestøv i tonn):",,,,,,,,,,,,,,,,,,,,,,,,,,
"Trude Melby Bothner, Statistisk sentralbyrå",,,,,,,,,,,,,,,,,,,,,,,,,,
 +47 408 11 425,,,,,,,,,,,,,,,,,,,,,,,,,,
tmb@ssb.no,,,,,,,,,,,,,,,,,,,,,,,,,,
,,,,,,,,,,,,,,,,,,,,,,,,,,
"Eirik Knutsen, Statistisk sentralbyrå",,,,,,,,,,,,,,,,,,,,,,,,,,
 +47 9848 9464,,,,,,,,,,,,,,,,,,,,,,,,,,
eir@ssb.no,,,,,,,,,,,,,,,,,,,,,,,,,,
,,,,,,,,,,,,,,,,,,,,,,,,,,
,,,,,,,,,,,,,,,,,,,,,,,,,,
,,,,,,,,,,,,,,,,,,,,,,,,,,
,,,,,,,,,,,,,,,,,,,,,,,,,,
Måleenhet:,,,,,,,,,,,,,,,,,,,,,,,,,,
"Utslipp til luft (dioksin i mg, PAH i kg og svevestøv i tonn):",,,,,,,,,,,,,,,,,,,,,,,,,,
"tonn, kg eller mg",,,,,,,,,,,,,,,,,,,,,,,,,,
Målemetode:,,,,,,,,,,,,,,,,,,,,,,,,,,
"Utslipp til luft (dioksin i mg, PAH i kg og svevestøv i tonn):",,,,,,,,,,,,,,,,,,,,,,,,,,
Forløp (periodesum),,,,,,,,,,,,,,,,,,,,,,,,,,
,,,,,,,,,,,,,,,,,,,,,,,,,,
Referansetid:,,,,,,,,,,,,,,,,,,,,,,,,,,
"Utslipp til luft (dioksin i mg, PAH i kg og svevestøv i tonn)",,,,,,,,,,,,,,,,,,,,,,,,,,
31.12.,,,,,,,,,,,,,,,,,,,,,,,,,,
,,,,,,,,,,,,,,,,,,,,,,,,,,
,,,,,,,,,,,,,,,,,,,,,,,,,,
,,,,,,,,,,,,,,,,,,,,,,,,,,
,,,,,,,,,,,,,,,,,,,,,,,,,,
,,,,,,,,,,,,,,,,,,,,,,,,,,
Offisiell statistikk,,,,,,,,,,,,,,,,,,,,,,,,,,
,,,,,,,,,,,,,,,,,,,,,,,,,,
Database:,,,,,,,,,,,,,,,,,,,,,,,,,,
Ekstern PRODUKSJON,,,,,,,,,,,,,,,,,,,,,,,,,,
,,,,,,,,,,,,,,,,,,,,,,,,,,
Intern referansekode:,,,,,,,,,,,,,,,,,,,,,,,,,,
Utslipp,,,,,,,,,,,,,,,,,,,,,,,,,,
